{
  "samples": [
    "COCO_val2014_000000015345.jpg",
    "COCO_val2014_000000557172.jpg",
    "COCO_val2014_000000137612.jpg",
    "COCO_val2014_000000017449.jpg",
    "COCO_val2014_000000442630.jpg",
    "COCO_val2014_000000139113.jpg",
    "COCO_val2014_000000416078.jpg",
    "COCO_val2014_000000451951.jpg",
    "COCO_val2014_000000088634.jpg",
    "COCO_val2014_000000213905.jpg",
    "COCO_val2014_000000567640.jpg",
    "COCO_val2014_000000538963.jpg",
    "COCO_val2014_000000302520.jpg",
    "COCO_val2014_000000386279.jpg",
    "COCO_val2014_000000341487.jpg",
    "COCO_val2014_000000493067.jpg",
    "COCO_val2014_000000403378.jpg",
    "COCO_val2014_000000285908.jpg",
    "COCO_val2014_000000474078.jpg",
    "COCO_val2014_000000049984.jpg"
  ],
  "individual_results": {
    "correct_caption": {
      "COCO_val2014_000000015345.jpg": {
        "lpips": 0.021461814641952515,
        "bpp": 0.19541666666666666
      },
      "COCO_val2014_000000557172.jpg": {
        "lpips": 0.011851225979626179,
        "bpp": 0.08864583333333333
      },
      "COCO_val2014_000000137612.jpg": {
        "lpips": 0.020263805985450745,
        "bpp": 0.17479166666666668
      },
      "COCO_val2014_000000017449.jpg": {
        "lpips": 0.016866013407707214,
        "bpp": 0.16814988290398125
      },
      "COCO_val2014_000000442630.jpg": {
        "lpips": 0.02437920868396759,
        "bpp": 0.22791666666666666
      },
      "COCO_val2014_000000139113.jpg": {
        "lpips": 0.030057556927204132,
        "bpp": 0.19894613583138174
      },
      "COCO_val2014_000000416078.jpg": {
        "lpips": 0.020984066650271416,
        "bpp": 0.19721739130434782
      },
      "COCO_val2014_000000451951.jpg": {
        "lpips": 0.015253222547471523,
        "bpp": 0.1606060606060606
      },
      "COCO_val2014_000000088634.jpg": {
        "lpips": 0.008826793171465397,
        "bpp": 0.08580729166666666
      },
      "COCO_val2014_000000213905.jpg": {
        "lpips": 0.020264295861124992,
        "bpp": 0.22016806722689075
      },
      "COCO_val2014_000000567640.jpg": {
        "lpips": 0.017275923863053322,
        "bpp": 0.18976470588235295
      },
      "COCO_val2014_000000538963.jpg": {
        "lpips": 0.008629698306322098,
        "bpp": 0.08407494145199063
      },
      "COCO_val2014_000000302520.jpg": {
        "lpips": 0.017348095774650574,
        "bpp": 0.17929411764705883
      },
      "COCO_val2014_000000386279.jpg": {
        "lpips": 0.03710588440299034,
        "bpp": 0.3710445344129555
      },
      "COCO_val2014_000000341487.jpg": {
        "lpips": 0.02745121158659458,
        "bpp": 0.24557109557109558
      },
      "COCO_val2014_000000493067.jpg": {
        "lpips": 0.032631851732730865,
        "bpp": 0.19905882352941176
      },
      "COCO_val2014_000000403378.jpg": {
        "lpips": 0.0105971097946167,
        "bpp": 0.1251764705882353
      },
      "COCO_val2014_000000285908.jpg": {
        "lpips": 0.04522370547056198,
        "bpp": 0.24176470588235294
      },
      "COCO_val2014_000000474078.jpg": {
        "lpips": 0.0359821543097496,
        "bpp": 0.20666666666666667
      },
      "COCO_val2014_000000049984.jpg": {
        "lpips": 0.010932669043540955,
        "bpp": 0.09063231850117096
      }
    },
    "no_caption": {
      "COCO_val2014_000000015345.jpg": {
        "lpips": 0.02218848280608654,
        "bpp": 0.1953125
      },
      "COCO_val2014_000000557172.jpg": {
        "lpips": 0.012485410086810589,
        "bpp": 0.08864583333333333
      },
      "COCO_val2014_000000137612.jpg": {
        "lpips": 0.01944999024271965,
        "bpp": 0.17541666666666667
      },
      "COCO_val2014_000000017449.jpg": {
        "lpips": 0.016899816691875458,
        "bpp": 0.16920374707259953
      },
      "COCO_val2014_000000442630.jpg": {
        "lpips": 0.02416587620973587,
        "bpp": 0.22979166666666667
      },
      "COCO_val2014_000000139113.jpg": {
        "lpips": 0.028270866721868515,
        "bpp": 0.20140515222482436
      },
      "COCO_val2014_000000416078.jpg": {
        "lpips": 0.020755304023623466,
        "bpp": 0.19617391304347825
      },
      "COCO_val2014_000000451951.jpg": {
        "lpips": 0.015077809803187847,
        "bpp": 0.1618881118881119
      },
      "COCO_val2014_000000088634.jpg": {
        "lpips": 0.008510730229318142,
        "bpp": 0.0859375
      },
      "COCO_val2014_000000213905.jpg": {
        "lpips": 0.020450323820114136,
        "bpp": 0.22016806722689075
      },
      "COCO_val2014_000000567640.jpg": {
        "lpips": 0.01693599671125412,
        "bpp": 0.19094117647058823
      },
      "COCO_val2014_000000538963.jpg": {
        "lpips": 0.008804789744317532,
        "bpp": 0.08548009367681499
      },
      "COCO_val2014_000000302520.jpg": {
        "lpips": 0.0173458531498909,
        "bpp": 0.18
      },
      "COCO_val2014_000000386279.jpg": {
        "lpips": 0.033774469047784805,
        "bpp": 0.3725991902834008
      },
      "COCO_val2014_000000341487.jpg": {
        "lpips": 0.02690420113503933,
        "bpp": 0.24766899766899766
      },
      "COCO_val2014_000000493067.jpg": {
        "lpips": 0.032420564442873,
        "bpp": 0.1983529411764706
      },
      "COCO_val2014_000000403378.jpg": {
        "lpips": 0.010518406517803669,
        "bpp": 0.12494117647058824
      },
      "COCO_val2014_000000285908.jpg": {
        "lpips": 0.04529533535242081,
        "bpp": 0.2427058823529412
      },
      "COCO_val2014_000000474078.jpg": {
        "lpips": 0.03658181056380272,
        "bpp": 0.21145833333333333
      },
      "COCO_val2014_000000049984.jpg": {
        "lpips": 0.011056425981223583,
        "bpp": 0.09110070257611241
      }
    },
    "random_caption": {
      "COCO_val2014_000000015345.jpg": {
        "lpips": 0.02242092229425907,
        "bpp": 0.1946875
      },
      "COCO_val2014_000000557172.jpg": {
        "lpips": 0.01213526725769043,
        "bpp": 0.08833333333333333
      },
      "COCO_val2014_000000137612.jpg": {
        "lpips": 0.019564833492040634,
        "bpp": 0.17583333333333334
      },
      "COCO_val2014_000000017449.jpg": {
        "lpips": 0.016760265454649925,
        "bpp": 0.1702576112412178
      },
      "COCO_val2014_000000442630.jpg": {
        "lpips": 0.024898797273635864,
        "bpp": 0.228125
      },
      "COCO_val2014_000000139113.jpg": {
        "lpips": 0.027609964832663536,
        "bpp": 0.19918032786885245
      },
      "COCO_val2014_000000416078.jpg": {
        "lpips": 0.020465737208724022,
        "bpp": 0.19478260869565217
      },
      "COCO_val2014_000000451951.jpg": {
        "lpips": 0.01488216407597065,
        "bpp": 0.1606060606060606
      },
      "COCO_val2014_000000088634.jpg": {
        "lpips": 0.009329143911600113,
        "bpp": 0.08515625
      },
      "COCO_val2014_000000213905.jpg": {
        "lpips": 0.020703278481960297,
        "bpp": 0.22086834733893557
      },
      "COCO_val2014_000000567640.jpg": {
        "lpips": 0.01676405593752861,
        "bpp": 0.19164705882352942
      },
      "COCO_val2014_000000538963.jpg": {
        "lpips": 0.008648805320262909,
        "bpp": 0.08430913348946135
      },
      "COCO_val2014_000000302520.jpg": {
        "lpips": 0.017604336142539978,
        "bpp": 0.18058823529411766
      },
      "COCO_val2014_000000386279.jpg": {
        "lpips": 0.035326022654771805,
        "bpp": 0.3713036437246964
      },
      "COCO_val2014_000000341487.jpg": {
        "lpips": 0.027159657329320908,
        "bpp": 0.2463869463869464
      },
      "COCO_val2014_000000493067.jpg": {
        "lpips": 0.03365999832749367,
        "bpp": 0.19811764705882354
      },
      "COCO_val2014_000000403378.jpg": {
        "lpips": 0.010807504877448082,
        "bpp": 0.12447058823529412
      },
      "COCO_val2014_000000285908.jpg": {
        "lpips": 0.04477740079164505,
        "bpp": 0.2407058823529412
      },