{
  "samples": [
    "kodim01.png",
    "kodim02.png",
    "kodim03.png",
    "kodim04.png",
    "kodim05.png",
    "kodim06.png",
    "kodim07.png",
    "kodim08.png",
    "kodim09.png",
    "kodim10.png",
    "kodim11.png",
    "kodim12.png",
    "kodim13.png",
    "kodim14.png",
    "kodim15.png",
    "kodim16.png",
    "kodim17.png",
    "kodim18.png",
    "kodim19.png",
    "kodim20.png",
    "kodim21.png",
    "kodim22.png",
    "kodim23.png",
    "kodim24.png"
  ],
  "individual_results": {
    "correct_caption": {
      "kodim01.png": {
        "lpips": 0.03486248478293419,
        "bpp": 0.24861653645833334
      },
      "kodim02.png": {
        "lpips": 0.027306949719786644,
        "bpp": 0.13680013020833334
      },
      "kodim03.png": {
        "lpips": 0.014414782635867596,
        "bpp": 0.112548828125
      },
      "kodim04.png": {
        "lpips": 0.023835986852645874,
        "bpp": 0.14404296875
      },
      "kodim05.png": {
        "lpips": 0.025891738012433052,
        "bpp": 0.310546875
      },
      "kodim06.png": {
        "lpips": 0.02857891283929348,
        "bpp": 0.192626953125
      },
      "kodim07.png": {
        "lpips": 0.01603909395635128,
        "bpp": 0.17008463541666666
      },
      "kodim08.png": {
        "lpips": 0.02428409829735756,
        "bpp": 0.2933756510416667
      },
      "kodim09.png": {
        "lpips": 0.01629376970231533,
        "bpp": 0.11783854166666667
      },
      "kodim10.png": {
        "lpips": 0.018613267689943314,
        "bpp": 0.14469401041666666
      },
      "kodim11.png": {
        "lpips": 0.02795170620083809,
        "bpp": 0.18172200520833334
      },
      "kodim12.png": {
        "lpips": 0.018626414239406586,
        "bpp": 0.11572265625
      },
      "kodim13.png": {
        "lpips": 0.05180148780345917,
        "bpp": 0.3223470052083333
      },
      "kodim14.png": {
        "lpips": 0.032238952815532684,
        "bpp": 0.23844401041666666
      },
      "kodim15.png": {
        "lpips": 0.020343631505966187,
        "bpp": 0.12784830729166666
      },
      "kodim16.png": {
        "lpips": 0.024198390543460846,
        "bpp": 0.13826497395833334
      },
      "kodim17.png": {
        "lpips": 0.022303270176053047,
        "bpp": 0.15877278645833334
      },
      "kodim18.png": {
        "lpips": 0.03735389560461044,
        "bpp": 0.2470703125
      },
      "kodim19.png": {
        "lpips": 0.024560220539569855,
        "bpp": 0.145263671875
      },
      "kodim20.png": {
        "lpips": 0.01503041386604309,
        "bpp": 0.10392252604166667
      },
      "kodim21.png": {
        "lpips": 0.024599136784672737,
        "bpp": 0.18587239583333334
      },
      "kodim22.png": {
        "lpips": 0.037111420184373856,
        "bpp": 0.18465169270833334
      },
      "kodim23.png": {
        "lpips": 0.015396641567349434,
        "bpp": 0.11271158854166667
      },
      "kodim24.png": {
        "lpips": 0.03118256665766239,
        "bpp": 0.24723307291666666
      }
    },
    "no_caption": {
      "kodim01.png": {
        "lpips": 0.0341176874935627,
        "bpp": 0.24967447916666666
      },
      "kodim02.png": {
        "lpips": 0.02765243500471115,
        "bpp": 0.13761393229166666
      },
      "kodim03.png": {
        "lpips": 0.014587394893169403,
        "bpp": 0.11246744791666667
      },
      "kodim04.png": {
        "lpips": 0.023837614804506302,
        "bpp": 0.14558919270833334
      },
      "kodim05.png": {
        "lpips": 0.026179706677794456,
        "bpp": 0.3125
      },
      "kodim06.png": {
        "lpips": 0.02798367850482464,
        "bpp": 0.19425455729166666
      },
      "kodim07.png": {
        "lpips": 0.01641322299838066,
        "bpp": 0.17057291666666666
      },
      "kodim08.png": {
        "lpips": 0.0245473925024271,
        "bpp": 0.2942708333333333
      },
      "kodim09.png": {
        "lpips": 0.015907229855656624,
        "bpp": 0.11946614583333333
      },
      "kodim10.png": {
        "lpips": 0.018061654642224312,
        "bpp": 0.14542643229166666
      },
      "kodim11.png": {
        "lpips": 0.02734227478504181,
        "bpp": 0.18310546875
      },
      "kodim12.png": {
        "lpips": 0.019412420690059662,
        "bpp": 0.11531575520833333
      },
      "kodim13.png": {
        "lpips": 0.052114784717559814,
        "bpp": 0.3240559895833333
      },
      "kodim14.png": {
        "lpips": 0.031541407108306885,
        "bpp": 0.239501953125
      },
      "kodim15.png": {
        "lpips": 0.01984592154622078,
        "bpp": 0.12931315104166666
      },
      "kodim16.png": {
        "lpips": 0.025081556290388107,
        "bpp": 0.13932291666666666
      },
      "kodim17.png": {
        "lpips": 0.02192111872136593,
        "bpp": 0.16056315104166666
      },
      "kodim18.png": {
        "lpips": 0.03665635734796524,
        "bpp": 0.24812825520833334
      },
      "kodim19.png": {
        "lpips": 0.024370592087507248,
        "bpp": 0.14599609375
      },
      "kodim20.png": {
        "lpips": 0.014632795006036758,
        "bpp": 0.10514322916666667
      },
      "kodim21.png": {
        "lpips": 0.024054940789937973,
        "bpp": 0.18587239583333334
      },
      "kodim22.png": {
        "lpips": 0.03629542887210846,
        "bpp": 0.18603515625
      },
      "kodim23.png": {
        "lpips": 0.01525780837982893,
        "bpp": 0.11409505208333333
      },
      "kodim24.png": {
        "lpips": 0.030688412487506866,
        "bpp": 0.249267578125
      }
    },
    "random_caption": {
      "kodim01.png": {
        "lpips": 0.03420889377593994,
        "bpp": 0.25
      },
      "kodim02.png": {
        "lpips": 0.02684634178876877,
        "bpp": 0.13761393229166666
      },
      "kodim03.png": {
        "lpips": 0.015046725049614906,
        "bpp": 0.11100260416666667
      },
      "kodim04.png": {
        "lpips": 0.024125495925545692,
        "bpp": 0.14314778645833334
      },
      "kodim05.png": {
        "lpips": 0.026478338986635208,
        "bpp": 0.3109537760416667
      },
      "kodim06.png": {
        "lpips": 0.02906200848519802,
        "bpp": 0.19246419270833334
      },
      "kodim07.png": {
        "lpips": 0.016187511384487152,
        "bpp": 0.16935221354166666
      },
      "kodim08.png": {
        "lpips": 0.024211665615439415,
        "bpp": 0.29248046875
      },
      "kodim09.png": {
        "lpips": 0.01639774814248085,
        "bpp": 0.11808268229166667
      },
      "kodim10.png": {
        "lpips": 0.018450362607836723,
        "bpp": 0.144287109375
      },
      "kodim11.png": {
        "lpips": 0.027959786355495453,
        "bpp": 0.18082682291666666
      },
      "kodim12.png": {
        "lpips": 0.018827125430107117,
        "bpp": 0.11572265625
      },
      "kodim13.png": {
        "lpips": 0.051991503685712814,
        "bpp": 0.3221028645833333
      },
      "kodim14.png": {
        "lpips": 0.03186041861772537,
        "bpp": 0.23942057291666666
      },
      "kodim15.png": {
        "lpips": 0.019624013453722,
        "bpp": 0.12898763020833334
      },
      "kodim16.png": {
        "lpips": 0.025449417531490326,
        "bpp": 0.138427734375
      },
      "kodim17.png": {
        "lpips": 0.022364193573594093,
        "bpp": 0.15983072916666666
      },
      "kodim18.png": {
        "lpips": 0.036034371703863144,
        "bpp": 0.2470703125
      },
      "kodim19.png": {
        "lpips": 0.025313137099146843,
        "bpp": 0.14534505208333334
      },
      "kodim20.png": {
        "lpips": 0.014348580501973629,
        "bpp": 0.10506184895833333
      },
      "kodim21.png": {
        "lpips": 0.025443678721785545,
        "bpp": 0.1845703125
      },
      "kodim22.png": {
        "lpips": 0.036924511194229126,
        "bpp": 0.185791015625
      },
      "kodim23.png": {
        "lpips": 0.014941610395908356,
        "bpp": 0.11409505208333333
      },
      "kodim24.png": {
        "lpips": 0.03147118538618088,