{
  "lambda_0.0008.pth.tar": {
    "with_caption": {
      "avg_lpips": 0.025534134707413614,
      "std_lpips": 0.008658576656738443,
      "avg_bpp": 0.18254258897569442,
      "std_bpp": 0.06482309030471246
    },
    "no_caption": {
      "avg_lpips": 0.025354326508628827,
      "std_lpips": 0.008568917210103597,
      "avg_bpp": 0.1836480034722222,
      "std_bpp": 0.06504607116365621
    }
  },
  "lambda_0.0016.pth.tar": {
    "with_caption": {
      "avg_lpips": 0.023999128451881308,
      "std_lpips": 0.007521227703365419,
      "avg_bpp": 0.2264641655815972,
      "std_bpp": 0.09533290800651054
    },
    "no_caption": {
      "avg_lpips": 0.024066087401782472,
      "std_lpips": 0.007453704081241303,
      "avg_bpp": 0.22570461697048608,
      "std_bpp": 0.09441343198169083
    }
  },
  "lambda_0.004.pth.tar": {
    "with_caption": {
      "avg_lpips": 0.021487792721018195,
      "std_lpips": 0.006352290191461743,
      "avg_bpp": 0.3215230305989583,
      "std_bpp": 0.1497791372800344
    },
    "no_caption": {
      "avg_lpips": 0.02145138642905901,
      "std_lpips": 0.006264566469331203,
      "avg_bpp": 0.3214280870225694,
      "std_bpp": 0.14955044374925486
    }
  },
  "lambda_0.009.pth.tar": {
    "with_caption": {
      "avg_lpips": 0.017307405670483906,
      "std_lpips": 0.004932991736905452,
      "avg_bpp": 0.44979519314236116,
      "std_bpp": 0.21971521282841136
    },
    "no_caption": {
      "avg_lpips": 0.01779648634449889,
      "std_lpips": 0.005044050774972071,
      "avg_bpp": 0.4474080403645833,
      "std_bpp": 0.21943085320467265
    }
  },
  "lambda_0.015.pth.tar": {
    "with_caption": {
      "avg_lpips": 0.014307031058706343,
      "std_lpips": 0.003957156458265735,
      "avg_bpp": 0.566311306423611,
      "std_bpp": 0.2768311304316122
    },
    "no_caption": {
      "avg_lpips": 0.014386758984376987,
      "std_lpips": 0.003997140634284188,
      "avg_bpp": 0.5640190972222222,
      "std_bpp": 0.2748932929906242
    }
  }
}